instrument,register,n_samples,MFCC_0,MFCC_1,MFCC_2,MFCC_3,MFCC_4,MFCC_5,MFCC_6,MFCC_7,MFCC_8,MFCC_9,MFCC_10,MFCC_11,MFCC_12
Contrabass_Ensemble,grave,32,-26.8442,40.7026,-6.5977,14.3989,-6.5761,5.8787,1.6266,0.5440,3.7443,-3.8099,3.5949,-2.0254,1.1853
Contrabass+sordina,grave,33,-25.3511,36.5913,-10.3362,15.4164,-6.3693,7.4770,0.4367,-0.7682,4.3252,-3.4117,4.1793,-2.5412,1.6298
Contrabass,grave,39,-22.6667,38.2003,-10.5578,14.8628,-7.6052,6.9029,0.9202,0.3732,4.6779,-4.1037,3.3736,-3.2015,1.8143
Guitar,grave,59,-29.4858,40.7139,-7.5591,12.1004,-5.2817,4.6909,-0.4468,-0.7097,2.8630,-3.4630,3.0486,-3.0148,0.4053
Bass_Flute,grave,6,-5.6586,41.3331,-14.0213,17.7247,-13.5473,4.8096,-2.7855,-3.3020,3.6004,-7.3105,2.0288,-6.4059,-1.2529
Contrabass_Tuba,médium,44,-15.6291,48.0613,-5.3517,15.9569,-8.6784,4.0009,-0.6983,-2.9942,2.3340,-4.0368,3.3770,-2.8109,0.5609
Contrabass,médium,123,-21.8099,38.3615,-11.2722,14.6515,-7.5302,6.8675,0.4311,-0.3334,4.5566,-3.8455,3.5662,-3.1813,1.6248
Trombone+sordina_harmon,grave,17,-43.1645,32.3510,-6.0515,13.2788,-3.4324,4.6831,-0.3854,1.5862,5.8234,-2.5849,1.8210,-3.0196,0.6208
Bass_Tuba,médium,36,-37.9343,39.5031,-1.1031,13.9381,-5.5779,3.3524,-1.6139,-2.4288,2.0829,-3.3896,2.2556,-2.1446,1.1552
Contrabass_Flute,grave,12,-2.2709,43.4895,-13.7505,19.1108,-12.8396,5.3844,-1.0915,-1.6563,5.8898,-4.2757,4.6598,-3.5174,1.7926
Contrabass_Ensemble,médium,30,-20.7566,41.7411,-9.9519,13.7512,-7.5247,6.0508,1.0331,-0.4022,3.5269,-4.1136,3.7563,-2.4769,1.0237
Violoncello+sordina,grave,21,-19.7475,38.0574,-11.7613,15.8309,-7.9978,6.5976,-0.1401,-1.0765,3.0355,-4.9093,4.6992,-2.6539,1.7071
Contrabass_Tuba,grave,74,-18.2145,48.1161,-5.0060,13.7153,-9.2728,3.6377,-0.4629,-2.5005,2.3091,-3.9954,2.9919,-2.8768,0.4625
Contrabass+sordina,médium,53,-25.7705,35.8804,-11.0805,14.8772,-6.8896,7.1895,0.6744,-0.6153,4.2018,-3.6561,3.7439,-2.9857,1.3154
Harp,médium,72,-37.7152,38.7038,-4.4981,10.1400,-6.4916,4.3912,-0.3432,-1.3161,2.3039,-3.5497,2.3220,-2.7343,0.2265
Marimba,grave,11,-23.5078,41.3879,-6.9365,16.2977,-5.0031,7.4815,1.2082,-0.0949,3.5888,-3.5082,5.0699,-1.2395,1.7904
Violoncello+sordina_piombo,grave,16,-26.1204,34.1276,-9.9309,17.5026,-8.1856,5.4192,-0.5496,-0.4281,4.9213,-3.0257,4.8746,-3.2594,1.4194
Horn+sordina,grave,14,-49.7548,35.4421,-1.4402,8.5390,-6.4173,1.4746,-0.7628,-0.9764,0.9891,-3.8040,2.0584,-0.8568,1.0863
Contrebasson,médium,35,-6.3912,47.4322,-12.3571,16.0979,-8.4110,4.4106,-2.1690,-2.5416,3.0521,-4.8119,4.0950,-3.4470,0.7582
Bass_Tuba,grave,36,-40.7778,38.7453,-0.8436,13.0917,-5.5377,2.6656,-1.7730,-2.6325,1.6536,-3.4678,1.9083,-1.9645,1.1991
Horn,pédale,3,-46.9094,34.3703,-2.4310,12.8100,-3.8859,1.8915,-2.4754,-2.6748,1.4507,-3.3804,2.3712,-0.9061,0.0051
Contrebasson,grave,39,-9.6121,47.7389,-11.1059,15.5985,-7.3814,4.1395,-1.4123,-2.4437,2.3249,-4.6984,3.7235,-3.0211,0.7248
Contrebasson,aigu,36,-5.0653,46.6117,-13.6381,15.4189,-9.8099,4.5939,-2.9983,-3.5235,2.9027,-5.5578,3.6042,-4.0079,0.5116
Contrabass_Tuba,aigu,32,-15.3922,45.1018,-8.4760,14.0363,-11.6995,1.9692,-3.5936,-4.8704,0.6261,-6.5250,2.0634,-4.3057,0.0039
Horn+sordina,médium,17,-50.6885,34.3523,-2.3301,7.8138,-7.0001,0.6480,-2.0344,-2.4683,-0.2369,-5.1232,0.4466,-2.3310,-0.1654
Harp,grave,40,-42.1108,37.0080,-3.5702,9.6636,-6.6042,3.8021,-0.4786,-1.6407,1.8912,-3.3243,2.5179,-2.1111,0.3321
Guitar,médium,74,-25.7469,39.5836,-11.3933,12.0041,-6.0473,4.0381,-1.6623,-2.2264,2.2137,-4.1227,2.7060,-3.4126,0.1071
Violoncello_Ensemble+sordina,grave,8,-14.4048,39.7412,-13.9067,17.4909,-7.4141,5.4429,-0.2360,-1.3232,3.6337,-4.9371,3.6148,-3.3937,1.1748
Violoncello,grave,27,-21.0191,38.3119,-12.9875,13.1780,-7.5254,7.0135,-0.5271,-1.6663,3.2972,-4.2976,4.4428,-2.6850,0.8968
Violoncello+sordina,médium,42,-18.7629,37.1823,-13.4452,16.1672,-8.2136,6.0857,-0.6464,-2.4904,2.6880,-4.7510,4.4747,-2.8644,0.9328
Bassoon+sordina,bas_médium,12,-20.4651,40.5529,-10.1843,12.0401,-13.4438,1.2679,-2.8829,-2.7545,1.3128,-7.2445,2.5731,-3.0198,1.4748
Bass_Tuba,aigu,27,-37.0018,39.0634,-3.2733,11.7490,-7.7716,1.4091,-3.4461,-4.4382,-0.0955,-5.5034,0.0784,-4.1974,-0.4381
Violoncello_Ensemble,grave,28,-10.9805,42.2179,-14.9020,14.9377,-8.1443,6.8233,-0.6326,-2.3438,3.7311,-4.3617,4.3051,-3.3812,0.6298
Vibraphone,grave,3,-24.4639,35.4119,-13.2214,15.0291,-6.8897,3.7982,-2.4800,-1.6900,2.0211,-6.3891,0.5952,-8.2468,-2.2416
Bassoon+sordina,grave,11,-29.0845,41.4300,-5.2669,11.2247,-10.2716,2.0692,-2.2705,-2.4441,1.4827,-5.1085,2.8495,-2.0752,1.7057
Bass_Clarinet_Bb,grave,57,-0.1523,47.1753,-17.7400,13.9800,-9.1474,7.1973,-0.6235,-1.7198,4.2529,-4.4300,5.0443,-3.4872,1.3897
Bass_Tuba+sordina,médium,24,-32.8258,38.8780,-6.5674,11.2626,-8.0528,3.2151,-1.3472,-2.6414,2.3997,-3.3671,2.5237,-2.6208,0.7593
Horn,grave,41,-36.9749,38.6180,-5.4865,11.2307,-5.9853,1.5304,-2.9116,-2.8251,1.4422,-3.7887,2.7223,-1.4678,0.3973
Bassoon,grave,36,-26.2316,40.3956,-8.6880,10.2851,-10.6049,3.3346,-2.2485,-3.2313,1.5862,-4.9951,3.6116,-1.9530,1.3052
Violoncello_Ensemble+sordina,médium,12,-10.1792,39.8758,-16.1288,18.4788,-7.7878,4.6964,-0.7457,-1.3121,3.9927,-4.8050,3.8570,-3.7730,1.0001
Viola_Ensemble+sordina,grave,8,-10.3646,40.8722,-16.2006,16.8075,-9.1414,3.5428,-1.7659,-4.2596,1.8288,-6.0824,2.1350,-3.6021,0.1817
Horn+sordina,pédale,2,-42.1480,35.6783,-6.5890,8.1266,-7.1862,2.0887,-0.8861,-0.9746,2.2683,-2.9863,2.7979,-1.5263,0.6199
Bassoon,bas_médium,36,-23.4376,39.2249,-11.2069,10.4146,-12.3480,1.6397,-3.3512,-3.3127,0.9127,-6.4722,3.3873,-2.6259,0.9207
Bassoon+sordina,haut_médium,12,-20.1977,37.0899,-15.1960,8.7997,-16.6445,-0.2641,-4.2774,-4.3836,0.5552,-7.2731,2.3570,-4.3179,-0.1079
Violoncello_Ensemble,médium,48,-7.5407,42.3249,-17.0054,15.0488,-8.7815,6.3214,-1.0788,-2.2263,4.0751,-4.5647,4.4895,-3.2999,0.8106
Contrabass_Ensemble,aigu,30,-12.9632,40.8839,-15.1865,13.7630,-9.8966,5.5177,-0.5604,-1.9941,3.2026,-5.3302,3.2320,-4.0352,0.2280
Contrabass,aigu,105,-22.1986,36.7831,-13.5609,12.8867,-9.1022,5.4979,-0.6476,-1.2188,3.6713,-4.8808,2.5935,-3.9541,1.0756
Bass_Tuba+sordina,aigu,18,-31.4554,37.6176,-9.5929,9.4341,-10.3668,1.3421,-2.8942,-4.3366,0.5415,-5.0934,1.2188,-4.3024,-0.5968
Bass_Tuba+sordina,grave,36,-38.0385,37.6306,-5.6599,9.9071,-7.8635,2.8037,-0.8542,-2.6701,2.1281,-3.1613,2.0050,-2.2597,0.6421
Trombone+sordina_wah,grave,26,-48.9019,34.6991,-3.0058,6.6839,-8.5277,1.0924,-1.3058,-0.6935,2.0895,-3.3676,2.0371,-1.5116,1.2661
Horn,médium,51,-29.3061,39.7756,-10.2016,10.0342,-7.9519,0.6865,-3.8025,-4.2185,0.6188,-4.9970,1.5475,-2.9443,-0.4470
Bass_Tuba,suraigu,9,-34.4463,39.1778,-7.0404,8.2582,-10.6349,-0.3918,-4.3271,-5.4090,-0.2671,-5.5898,-0.2888,-4.1477,-0.6703
Trombone+sordina_straight,grave,13,-38.9636,37.6050,-6.7515,7.1743,-8.7267,1.3662,-2.7625,-2.7229,2.0900,-2.7914,2.8728,-2.0401,0.6039
Contrabass_Clarinet_Bb,médium,12,5.8807,43.8434,-22.0494,17.2210,-9.1164,8.0555,-1.7756,-1.1439,4.4727,-6.7837,4.9896,-4.2713,1.8423
Violoncello,médium,90,-18.7113,38.3197,-15.0043,12.8321,-8.0265,6.4005,-0.8140,-1.9336,3.1975,-4.4242,4.1538,-3.1568,0.6980
Violoncello+sordina_piombo,médium,27,-23.4068,33.3752,-13.4768,16.8934,-8.5022,5.3782,-0.1001,-0.7620,4.7722,-3.6627,4.0395,-3.3368,0.7534
Contrabass_Clarinet_Bb,grave,15,4.5953,43.3502,-22.6756,16.5928,-8.5386,7.7415,-1.4541,-0.2576,4.9743,-6.0406,5.1575,-4.5673,1.1916
Trombone+sordina_straight,médium,12,-38.0561,37.8573,-7.9540,5.2019,-10.5511,0.9566,-3.2148,-4.3227,0.8944,-3.5856,2.1727,-2.9723,-0.7017
Viola_Ensemble+sordina,médium,12,-9.1068,37.2133,-20.4931,16.2032,-10.9556,2.5046,-3.6602,-5.8790,1.1802,-7.4196,1.2013,-5.1365,-1.0374
Trombone,grave,57,-23.5254,40.7227,-10.8998,10.2892,-10.4198,2.8589,-2.1576,-2.7241,3.0371,-3.9015,3.1882,-2.5683,1.1264
Clarinet_Bb,chalumeau,39,-29.0598,35.9874,-13.9888,9.1037,-7.7084,3.6774,-1.6489,-0.6272,3.6565,-4.2571,2.3229,-3.3574,0.2298
Contrabass_Clarinet_Bb,aigu,18,6.0681,42.8635,-24.2870,15.6619,-9.9530,7.4387,-1.8254,-1.0215,4.1968,-7.1235,4.7733,-4.6831,0.8329
Bass_Trombone,aigu,12,-4.3228,40.5227,-23.7533,8.0145,-15.8383,2.3740,-4.9895,-5.4986,2.4866,-5.5288,4.8237,-1.9264,4.0895
Viola+sordina,grave,21,-24.8675,36.4453,-14.5848,10.5291,-9.0978,3.4762,-3.2953,-3.5433,2.7690,-4.9541,2.0945,-3.6942,-0.0262
Bass_Clarinet_Bb,médium,20,0.6537,45.9181,-20.0525,12.4440,-11.4222,6.2743,0.0245,-1.0722,4.9465,-3.5315,5.6365,-2.9689,2.1629
Guitar,aigu,50,-21.7830,35.1722,-16.1665,14.2514,-7.4144,3.9048,-2.1266,-1.8933,4.0222,-2.8425,5.4791,-1.8338,1.7610
Bass_Flute,médium,9,4.6397,39.4885,-21.3856,17.0623,-17.1273,5.7007,-3.0733,-3.3574,4.6808,-7.6290,3.6676,-5.7790,1.0262
Bass_Tuba+sordina,suraigu,16,-28.7225,35.8319,-14.4666,6.0923,-13.4134,0.5839,-4.2711,-5.2131,0.6497,-6.1604,0.4082,-4.7786,-0.5485
Viola_Ensemble,grave,28,-6.4607,43.2937,-20.1951,12.1442,-8.6753,3.4598,-3.3845,-3.2916,1.9386,-6.2061,2.7873,-4.0688,0.7885
Trombone+sordina_harmon,médium,12,-42.9651,30.0787,-8.7165,10.9300,-7.0738,2.5864,-3.1876,-1.1674,4.5201,-4.5565,-0.0437,-4.6776,-0.7206
Contrabass+sordina,aigu,36,-24.8595,34.2452,-14.2976,13.0670,-8.7080,5.5728,-0.7592,-1.5851,3.2160,-4.9669,2.7222,-3.9217,0.6933
Bassoon,haut_médium,36,-24.7598,35.6322,-15.2686,7.5918,-14.7266,0.1169,-4.9247,-4.4343,0.5683,-7.1585,2.3529,-3.6845,0.3210
Marimba,médium,12,-23.3051,40.5086,-8.8167,14.9288,-7.3810,3.4483,-2.8461,-3.6522,0.7118,-6.8426,0.4412,-5.7191,-1.3637
Bass_Trombone,pédale,13,-4.2979,43.2155,-18.2587,12.6900,-12.6941,4.6663,-2.3056,-2.5897,3.6950,-5.7482,4.1457,-3.4898,1.6070
Contrabass_Flute,médium,12,5.1844,40.3410,-20.7326,18.0346,-17.4320,4.6688,-2.5221,-3.7033,4.9657,-6.4238,3.6566,-5.6182,0.4259
Trombone+sordina_wah,médium,24,-48.4379,33.2379,-5.2165,5.2116,-10.5900,0.3450,-1.5595,-1.5926,1.3351,-4.1590,1.3765,-2.3815,0.2042
Bass_Clarinet_Bb,aigu,47,-2.4612,43.6084,-23.1808,7.8968,-14.0051,2.9089,-3.4852,-4.1176,1.0945,-7.5988,1.6626,-6.9695,-1.7248
Bassoon+sordina,aigu,6,-17.8098,31.6609,-22.4552,8.1405,-18.2014,-1.0720,-5.5086,-4.2796,2.4777,-6.0520,4.8470,-1.7150,3.3267
Trombone,médium,36,-18.6271,39.6661,-14.8357,9.2543,-13.6617,1.3575,-4.2142,-4.8947,1.8822,-5.6995,2.0211,-4.3488,-0.3699
Violin_Ensemble+sordina,grave,6,-5.2687,37.5465,-21.9070,15.6526,-13.4203,1.7674,-4.1738,-5.5758,1.4127,-7.7157,1.7339,-5.5343,-0.5930
Horn+sordina,aigu,13,-46.0301,30.2403,-11.2870,3.3246,-12.8853,-1.9792,-3.0947,-3.2336,0.0796,-5.0880,1.6130,-0.8169,2.3500
Viola+sordina,médium,66,-26.1910,33.4091,-16.8106,9.6219,-11.1305,1.9428,-3.8401,-4.2073,1.4752,-6.1620,1.2280,-4.9703,-0.9697
Violoncello_Ensemble+sordina,aigu,12,-5.3200,36.1368,-21.7403,17.8153,-12.1081,3.1520,-3.0152,-3.5244,2.7580,-7.4886,2.6347,-5.3604,0.0550
Guitar,suraigu,6,-19.0552,33.5188,-18.2628,15.0682,-9.3836,4.3229,-1.0125,-1.1689,7.8519,0.5295,6.1338,-3.2642,-1.3308
Trombone,pédale,3,-22.4793,41.1949,-11.7464,8.5208,-11.8477,2.8388,-2.1332,-2.5751,3.3585,-3.9267,3.1686,-2.8410,1.0755
Harp,aigu,72,-29.7376,32.8445,-16.8564,9.1124,-9.0948,1.5612,-3.4326,-3.6002,1.9140,-4.0160,3.0437,-2.8524,0.7125
Flute,grave,66,-31.0014,32.7379,-16.1424,6.1027,-11.9222,2.2986,-3.6266,-5.0814,-0.7351,-7.1125,0.5517,-5.1918,-0.8905
Horn,aigu,39,-31.3654,34.2178,-17.0479,4.7167,-12.5045,-2.0164,-5.4591,-5.7417,-0.4750,-5.1944,2.6470,-1.3557,1.6220
Trombone+sordina_cup,grave,13,-44.4723,34.8288,-6.7910,4.9163,-10.2524,0.9808,-0.1518,0.8487,3.2793,-1.7785,3.9794,-1.4025,0.9039
Viola_Ensemble,médium,48,-5.3587,40.0560,-24.0648,10.7684,-11.3752,2.8144,-4.3132,-4.9313,0.9531,-7.4729,1.7873,-5.6644,-0.5825
Violoncello_Ensemble,aigu,48,-1.8762,38.0194,-24.0985,14.4026,-12.8224,4.6821,-3.3559,-4.5920,2.6356,-7.2424,3.1771,-5.0945,-0.1012
Viola,grave,27,-22.0775,37.1305,-17.9111,9.8109,-7.3479,3.4002,-2.7999,-3.0205,1.7651,-5.2656,2.0491,-3.5602,0.6894
Sax_Alto,grave,39,-22.1239,35.6719,-18.8374,7.4817,-11.5466,2.3602,-4.4304,-5.3583,0.7819,-6.5953,0.6311,-4.9564,0.0662
Violoncello+sordina,aigu,39,-15.3961,32.5180,-20.2465,14.9768,-11.2230,4.5986,-2.7588,-4.4712,1.4949,-6.4125,3.6248,-4.5852,0.1656
Clarinet_Eb,chalumeau,15,4.2414,40.0596,-27.5919,13.0586,-13.3980,4.0824,-2.7354,-3.0654,2.6658,-7.7392,2.8598,-5.6967,0.4871
Trombone,aigu,24,-14.2011,35.3785,-23.1659,5.8398,-17.9339,-0.0057,-5.7497,-6.3886,0.9708,-7.1354,2.0075,-4.5155,0.7348
Bassoon,aigu,18,-23.8161,31.1543,-21.0168,5.8843,-16.4684,-0.3638,-5.7288,-4.2616,2.0535,-5.4707,4.5082,-2.2705,3.1728
Trombone+sordina_cup,médium,12,-45.1702,33.3308,-8.8165,3.5182,-12.9056,-1.8182,-0.9654,-0.8105,2.2819,-2.6795,2.4908,-1.7989,-0.5368
Bass_Trombone,médium,39,2.4257,42.9231,-24.7952,10.4028,-15.0894,2.5492,-4.2725,-4.2828,2.6427,-7.1000,2.9515,-5.1545,0.1876
Clarinet_Bb,gorge,18,-30.1162,32.0419,-17.5540,6.7248,-11.0883,2.6152,-2.8123,-2.8740,1.0500,-8.1994,-1.2213,-6.4253,-1.5742
Bass_Trombone,grave,80,-0.6879,42.8723,-21.7581,12.3182,-12.9529,4.2281,-2.5153,-2.6047,4.0347,-5.4786,4.2384,-3.7746,1.5017
Contrabass_Flute,aigu,11,4.6698,34.6920,-26.2583,16.6406,-19.6256,4.0840,-3.4656,-4.9297,5.5804,-4.7774,6.2414,-2.6311,3.6012
Violin_Ensemble+sordina,médium,12,-5.9041,33.1725,-25.9340,14.3560,-15.5403,0.7788,-5.5445,-6.7558,0.7139,-9.1029,0.6262,-6.6294,-0.8821
Violin_Ensemble,grave,21,-3.7609,38.9908,-26.0851,11.7064,-11.8087,1.0312,-4.9537,-5.0891,0.5487,-7.8067,2.2237,-5.1399,-0.5605
Violoncello,aigu,108,-17.2484,34.8030,-19.9254,11.4603,-10.4603,4.9221,-2.1209,-3.5461,1.8360,-5.9898,2.9534,-4.6753,-0.2423
Trombone+sordina_straight,aigu,6,-28.3375,34.1080,-20.5264,3.1817,-12.0332,0.3377,-4.5181,-6.3279,0.4748,-4.7922,1.0397,-3.6887,-0.2964
Viola,médium,90,-23.5777,34.4465,-20.1725,8.1563,-8.7734,2.8830,-3.7452,-4.2889,0.7821,-6.2456,1.2442,-4.3644,-0.1515
Contrabass,suraigu,42,-22.0693,33.1636,-18.1577,10.8266,-11.3251,4.2227,-1.8324,-2.1391,3.1710,-5.5293,2.3459,-4.5623,0.7657
Violoncello+sordina_piombo,aigu,26,-18.0806,30.0699,-19.2255,16.5273,-11.2241,4.9783,-2.2152,-3.2655,2.7865,-6.0153,3.1524,-5.5962,0.0593
Contrabass+sordina,suraigu,21,-25.8042,31.6280,-17.2666,11.3932,-10.1231,4.3907,-1.5591,-2.1063,2.7974,-5.5807,2.2186,-4.1938,0.5390
Trombone+sordina_wah,aigu,12,-41.5905,30.1258,-14.2317,2.7335,-12.8359,0.2966,-2.4684,-2.2813,1.3825,-5.0143,1.5139,-2.9042,0.6517
Trumpet_C+sordina_wah,grave,12,-45.6605,31.2097,-13.0516,3.8784,-7.4543,0.2092,-1.5164,-2.1910,0.0914,-2.8801,2.2092,-2.7410,-0.2491
Flute,médium,72,-28.9402,27.3242,-22.9793,3.9583,-15.4393,1.7509,-4.2293,-4.5388,1.9995,-4.1363,4.9139,-1.3911,3.4660
Violin,grave,18,-17.0989,33.8217,-22.6345,12.7026,-8.9314,0.8556,-4.0289,-3.7052,0.7799,-6.2923,3.2004,-3.4439,-0.1847
Violin+sordina,grave,15,-22.7164,31.7247,-20.2356,13.7528,-8.5348,0.5479,-3.5850,-3.3883,0.9086,-6.4969,2.6555,-2.7176,0.3019
Violin_Ensemble,médium,48,-4.3180,35.8385,-29.1447,10.2045,-13.4004,0.9833,-5.5730,-5.7868,0.4383,-8.4918,1.7843,-5.6371,-0.8980
English_Horn,grave,28,3.5121,40.7800,-27.0579,10.9399,-17.6520,0.9674,-3.1373,-4.7268,1.5653,-8.7790,1.1193,-6.7554,-1.9486
Bass_Flute,aigu,15,4.8712,32.7873,-26.9822,16.8326,-19.4599,5.4594,-4.3059,-3.3394,6.8638,-5.2241,6.9968,-4.4834,2.3016
Clarinet_Bb,clarine,42,-30.4015,28.2754,-24.3331,3.9190,-11.0927,1.0991,-3.6290,-2.4386,2.7406,-3.8315,4.6181,-0.1319,3.6848
Violoncello_Ensemble+sordina,suraigu,6,-0.1396,32.5601,-27.4375,17.8161,-14.1162,4.2766,-3.0362,-3.2183,3.5394,-8.1945,3.5766,-4.7734,2.3685
Viola_Ensemble+sordina,aigu,12,-3.7075,30.5344,-27.7678,16.5779,-14.4311,3.6895,-5.0741,-6.1758,2.2074,-7.4503,4.6052,-3.5896,2.1554
Violin+sordina,médium,78,-23.2964,29.2222,-22.1731,13.4233,-9.2781,0.4772,-4.0658,-3.5715,1.4338,-6.4822,2.6719,-3.0734,0.1857
Trombone+sordina_cup,aigu,6,-36.9796,30.4004,-17.0283,2.2861,-15.7123,-1.4526,-1.8891,-1.9374,2.2510,-3.9368,2.7082,-2.2122,-0.0887
Clarinet_Eb,médium,12,-2.3423,31.5071,-34.3735,11.0342,-12.3520,3.6869,-3.4020,-3.6185,4.6894,-1.8232,9.5963,0.6953,4.8898
Trumpet_C+sordina_wah,médium,16,-41.0831,30.1036,-16.3427,3.2869,-10.1573,-0.4348,-2.9625,-3.4535,-0.3392,-3.6332,2.4941,-3.3723,-0.0850
Violoncello_Ensemble,suraigu,23,0.0738,33.8424,-29.1594,13.8274,-14.3165,5.3297,-3.1726,-4.2075,3.3277,-7.5412,3.7553,-4.6858,1.4863
Violin,médium,81,-17.6368,31.0647,-25.3941,11.6107,-9.9124,1.2779,-3.8747,-4.0369,1.3881,-5.9913,3.1171,-3.3661,0.1802
Vibraphone,aigu,6,-28.6733,31.0895,-14.8631,11.0466,-12.9143,2.4393,-1.1553,-0.1596,4.8347,-2.9480,5.1507,-3.2564,1.8322
Trombone+sordina_harmon,aigu,6,-32.5812,27.3795,-19.6218,9.2874,-9.5272,1.2836,-4.5498,-2.3395,3.3256,-6.1037,-0.0696,-5.2290,0.4462
Oboe+sordina,grave,10,-14.9079,39.2672,-22.5953,4.2301,-13.1350,1.4465,-3.0427,-2.4623,0.5963,-7.0110,2.5654,-3.7215,0.9203
Trumpet_C,grave,17,-21.1526,34.6296,-20.3810,8.3097,-11.8264,1.7798,-2.5935,-3.1077,1.6433,-5.7835,2.2173,-4.1837,-0.1977
English_Horn,médium,48,-1.4392,35.2065,-32.1468,7.1376,-19.6521,-1.5653,-4.1785,-4.8437,1.8894,-7.5603,2.3773,-4.3992,0.7988
Viola_Ensemble,aigu,48,-3.6950,32.2037,-30.7179,11.3671,-13.8613,3.8018,-5.0751,-5.4207,1.8694,-7.3859,4.3076,-4.2057,1.8566
Violoncello+sordina,suraigu,42,-17.3028,27.4288,-24.0337,14.8406,-11.7272,4.6107,-2.5980,-4.0760,2.6590,-5.3757,4.8942,-2.8802,2.3249
Viola+sordina_piombo,médium,11,-35.1223,24.7617,-17.5296,11.0796,-11.4395,2.9712,-3.6364,-4.8824,2.9190,-5.2775,2.1708,-3.2250,-0.3919
Viola+sordina,aigu,51,-27.0788,25.9730,-23.0013,10.2062,-12.0113,2.0790,-3.5003,-4.2169,1.9880,-4.9826,3.6232,-3.6521,1.1139
English_Horn,aigu,28,-2.9336,27.8537,-38.2096,8.1919,-17.6873,1.3087,-2.7547,-3.4820,5.4974,-2.1349,8.3104,-1.6454,0.9916
Bass_Clarinet_Bb,suraigu,49,-7.8564,30.9759,-33.6140,5.1697,-15.9030,3.0955,-3.3165,-3.4551,4.2266,-3.3951,7.1592,-2.0213,2.5818
Sax_Alto,médium,33,-24.6342,25.7998,-28.4853,5.9892,-11.5250,2.7794,-4.7260,-4.6843,4.1371,-1.3353,6.8889,0.5181,5.3157
Oboe,grave,30,-14.9496,37.5852,-24.7769,4.9560,-12.2287,1.2042,-2.3743,-2.1782,0.7065,-6.9664,2.0833,-3.7136,0.8322
Trumpet_C,médium,24,-22.0128,31.6407,-24.1647,5.8845,-14.0293,-0.0919,-4.0601,-4.5759,0.3302,-6.9170,1.3507,-4.7502,-0.5600
Viola,aigu,120,-24.3912,28.7904,-24.8963,8.2697,-9.3191,3.1082,-4.2853,-4.3896,1.8725,-5.4947,2.8152,-3.0148,1.7640
Violin+sordina_piombo,grave,11,-30.7645,27.8236,-18.6475,10.0861,-10.5586,4.0968,-1.8867,-2.8420,2.7869,-5.2088,3.6246,-2.0498,0.4357
Marimba,aigu,26,-26.6984,33.1379,-18.2782,7.2943,-12.5589,1.7372,-1.3999,-1.5506,3.2051,-3.4795,4.4550,-1.8826,1.5234
Violin_Ensemble+sordina,aigu,12,-4.7265,26.0764,-30.9294,15.9078,-16.8194,2.4538,-5.8849,-5.6809,3.3398,-7.1736,4.4379,-5.4198,0.1185
Violoncello+sordina_piombo,suraigu,28,-18.8114,25.1462,-23.1156,16.1827,-12.2449,5.6461,-2.1615,-3.2602,3.3068,-5.1233,5.2025,-3.9009,3.0566
Trumpet_C+sordina_wah,aigu,10,-41.5330,25.0719,-20.7197,2.4579,-11.7184,0.8877,-1.1858,-2.0206,0.9369,-3.2946,3.3949,-3.2999,0.4729
Violoncello,suraigu,66,-18.3121,28.2385,-24.9649,11.8434,-11.4110,5.3006,-1.8984,-3.2561,2.9753,-4.7926,4.7326,-3.6248,1.4121
Oboe+sordina,médium,12,-18.2757,30.8322,-29.5230,3.2900,-13.2890,2.3449,-2.0446,-0.9992,3.1163,-4.5817,5.5271,-1.2041,3.9861
Trumpet_C,aigu,15,-22.7349,27.2456,-28.8625,4.2975,-15.1279,0.1124,-3.7138,-4.1403,0.8926,-6.6434,1.8676,-4.2196,1.0770
Oboe+sordina,aigu,7,-25.8116,24.2499,-30.3550,5.4431,-10.8099,3.6673,0.7868,2.5129,6.9195,1.1845,8.4788,-3.7818,-1.5778
Oboe,médium,36,-20.5681,28.9706,-30.2357,3.2253,-13.0783,2.0354,-1.8697,-1.3392,2.5948,-4.6598,5.3504,-0.6877,4.3911
Viola+sordina_piombo,aigu,35,-35.0211,20.6298,-20.5537,12.0093,-12.0106,3.6154,-2.4539,-3.5343,3.2882,-4.8220,4.1239,-2.4420,1.4578
Violin_Ensemble,aigu,48,-4.5203,26.9202,-34.6490,12.0822,-14.9819,2.6938,-5.8146,-5.1104,2.8624,-7.0811,5.0446,-4.3089,0.6923
Viola+sordina,suraigu,18,-27.8999,21.6766,-24.4536,13.0058,-11.8048,2.1821,-3.1047,-2.2468,4.7545,-2.4708,5.7570,-4.5946,-1.4727
Violin+sordina,aigu,74,-23.7899,23.0405,-25.6826,15.5056,-9.6636,1.8356,-3.8230,-3.0921,3.7109,-4.7502,5.0797,-1.3424,1.4784
Viola_Ensemble,suraigu,24,-5.5669,27.0440,-33.2050,12.8398,-14.0543,4.2511,-4.1334,-3.2374,5.0172,-4.9316,5.9575,-5.2021,-1.1782
Violin,aigu,111,-20.1640,25.1805,-28.0742,13.0841,-9.2845,2.9012,-3.5694,-3.2946,3.3001,-4.1809,5.7746,-1.8661,1.5781
Trumpet_C+sordina_straight,grave,6,-24.4257,30.6111,-26.1998,8.5308,-8.1680,0.0613,-1.4132,-3.1935,1.5888,-4.1019,1.7602,-2.4334,0.4820
Violin+sordina_piombo,médium,24,-28.9860,23.4367,-21.8500,11.6145,-12.3016,4.4855,-1.7329,-2.7466,3.6842,-4.4947,3.4908,-3.6626,1.4812
Oboe,aigu,21,-26.3126,23.3020,-32.1426,4.8832,-10.2748,3.5255,0.8633,1.8725,6.6410,1.1876,8.0506,-3.0294,-1.1093
Viola_Ensemble+sordina,suraigu,6,-2.1083,25.7954,-31.1722,19.0393,-14.9542,4.3011,-4.2300,-3.5081,6.1446,-4.9688,5.7073,-6.1104,-0.9255
Trumpet_C+sordina_straight,médium,8,-24.7599,28.7426,-27.9442,6.9450,-10.1909,-0.4710,-2.3507,-4.2553,0.7251,-4.8930,1.5721,-3.0491,0.2041
Piccolo,grave,20,-7.6771,24.2925,-38.8636,8.0745,-15.5097,2.7016,-2.2937,0.2401,9.2752,-1.3537,6.0562,-5.9978,-2.9139
Trumpet_C,suraigu,40,-25.2502,20.8627,-33.4208,5.1344,-14.0020,1.5469,-2.2837,-2.0936,4.6121,-2.3325,6.3286,-1.4411,1.7004
Trumpet_C+sordina_wah,suraigu,29,-43.6298,18.3858,-24.0886,5.3996,-10.0929,2.3443,-0.7620,-0.6858,3.8680,-0.3476,6.6257,-1.8411,0.6225
Flute,aigu,72,-27.9990,20.1633,-28.1255,6.8971,-14.7079,5.3556,0.3342,0.9284,5.3980,-5.1399,3.2664,-4.9080,1.5508
Viola,suraigu,72,-26.3194,23.0098,-26.0522,11.3781,-10.1712,4.0141,-2.6393,-2.2865,3.8842,-4.9862,3.7243,-3.8140,-0.0594
Harp,suraigu,57,-26.2899,25.1263,-22.2365,13.4229,-10.4253,5.1623,-0.0963,-2.0538,3.9045,-5.1182,2.9744,-4.0328,0.7192
Trumpet_C+sordina_straight,aigu,5,-26.1420,24.8573,-31.2317,5.9281,-10.6356,0.4326,-1.5363,-3.4177,1.1551,-4.9016,1.8306,-3.2089,0.9639
Trumpet_C+sordina_harmon,grave,6,-32.0161,19.8957,-21.1204,18.3986,-6.5800,4.4352,-3.2127,-3.7999,2.3734,-5.5912,3.0158,-4.1352,0.6099
Trumpet_C+sordina_cup,grave,6,-36.4442,25.0663,-22.5878,6.6692,-6.9233,6.2815,2.1657,-0.8507,1.0596,-5.8488,1.5952,-2.5593,1.0064
Trumpet_C+sordina_harmon,médium,8,-34.4491,18.5631,-22.7229,15.2299,-8.1573,2.9012,-5.0345,-5.0865,1.6036,-6.2480,2.6570,-4.0440,0.1884
Clarinet_Bb,suraigu,27,-34.6672,19.6046,-29.5903,5.8825,-7.9078,5.6359,1.8022,3.2393,6.9302,-3.5141,1.3530,-5.9641,-0.2780
Trumpet_C+sordina_cup,médium,8,-32.0113,22.0996,-26.9186,7.0626,-9.7700,5.4390,0.5013,-2.5269,0.0537,-7.8295,1.4834,-3.0287,1.2551
Viola+sordina_piombo,suraigu,28,-38.0991,15.8071,-20.9512,14.4102,-11.3998,4.8877,-1.7526,-1.3013,6.6468,-3.2700,3.5505,-4.7502,0.2511
Violin,suraigu,74,-22.6842,21.0563,-27.4182,16.1566,-9.3272,4.6619,-1.4872,-2.1042,3.6392,-5.8207,3.6810,-3.9424,1.4492
Violin_Ensemble,suraigu,49,-7.6531,21.8265,-34.4169,15.0482,-15.5307,4.4726,-3.0413,-3.4100,3.0255,-9.2125,2.9955,-5.8463,0.6600
Piccolo,médium,23,-9.4768,20.2232,-39.8908,9.5979,-14.7394,6.2793,0.4130,-0.5934,3.8424,-8.3176,4.2514,-2.0053,5.2800
Violin_Ensemble+sordina,suraigu,12,-4.9203,21.6348,-31.3482,18.8985,-18.2126,4.7474,-3.3728,-4.5002,3.1325,-10.0968,2.7150,-6.8340,0.3398
Flute,suraigu,22,-24.1994,17.5457,-30.6653,10.3046,-12.7964,9.2964,1.5313,-2.4790,-0.2814,-7.0226,8.1479,-1.1970,1.3248
Oboe+sordina,suraigu,7,-24.5522,18.7598,-33.7866,11.0537,-7.8002,5.4317,1.9928,3.6400,6.2010,-4.9084,2.1087,-4.5713,4.7757
Trumpet_C+sordina_straight,suraigu,15,-25.1582,17.0081,-35.9914,8.9504,-11.5786,2.5917,-1.0430,-1.8615,5.4594,-1.6208,6.2306,-1.5130,1.5121
Violin+sordina,suraigu,39,-24.4794,18.9527,-25.5178,18.4663,-11.0665,3.9279,-1.3899,-2.1299,4.5800,-5.8615,2.6543,-4.1492,1.3512
Clarinet_Eb,aigu,15,-8.5857,19.0889,-38.2834,18.1223,-9.0222,8.5328,3.2999,0.6554,5.7354,-6.2665,4.4223,-3.0511,2.1353
Violin+sordina_piombo,aigu,23,-27.9289,16.7221,-24.3742,15.7458,-13.3243,6.5294,-1.3468,-1.7773,5.4184,-4.6562,5.7153,-3.0416,2.1341
Oboe,suraigu,20,-26.4838,17.6377,-34.3244,10.5054,-7.8740,4.8336,2.9680,5.0066,5.7774,-5.3480,2.5704,-4.6927,4.5225
Trumpet_C+sordina_cup,aigu,5,-30.8979,16.1988,-31.1801,7.5051,-12.4715,6.6652,1.5601,-0.9778,1.9237,-6.8890,3.6696,-2.8086,2.5843
Piccolo,aigu,41,-10.2997,15.6028,-40.4848,13.9304,-13.2531,7.5380,-2.6430,-4.0522,6.2567,-3.7439,6.9985,-4.2823,0.6330
Trumpet_C+sordina_harmon,aigu,5,-33.0309,13.4655,-27.8228,15.0589,-9.9502,4.0068,-3.9262,-3.9939,2.9963,-6.4651,3.1745,-3.5569,1.7061
Violin+sordina_piombo,suraigu,22,-33.7770,13.4375,-22.1156,18.4301,-11.6308,7.7032,0.8105,-0.0934,5.1807,-6.8923,2.9062,-4.5014,2.3655
Trumpet_C+sordina_cup,suraigu,15,-30.2078,10.1034,-35.0145,10.9959,-11.8920,7.9790,1.9384,-0.0849,4.7813,-4.3852,6.3058,-2.5483,2.3013
Trumpet_C+sordina_harmon,suraigu,15,-35.6119,7.8364,-31.0622,16.0832,-8.9862,5.4643,-2.5190,-1.6180,6.3542,-2.7757,6.6769,-2.7443,1.0938
